{"v":"5.6.10","fr":30,"ip":0,"op":120,"w":1125,"h":2436,"nm":"erlou","ddd":0,"assets":[{"id":"image_0","w":1125,"h":267,"u":"images/","p":"img_0.jpg","e":0},{"id":"image_1","w":24,"h":15,"u":"images/","p":"img_1.png","e":0},{"id":"image_2","w":54,"h":54,"u":"images/","p":"img_2.png","e":0},{"id":"image_3","w":39,"h":39,"u":"images/","p":"img_3.png","e":0},{"id":"image_4","w":33,"h":36,"u":"images/","p":"img_4.png","e":0},{"id":"image_5","w":36,"h":39,"u":"images/","p":"img_5.png","e":0},{"id":"image_6","w":36,"h":42,"u":"images/","p":"img_6.png","e":0},{"id":"image_7","w":1125,"h":2439,"u":"images/","p":"img_7.jpg","e":0},{"id":"image_8","w":1125,"h":768,"u":"images/","p":"img_8.jpg","e":0}],"fonts":{"list":[{"fName":"PingFangSC-Regular","fFamily":"PingFang SC","fStyle":"Regular","ascent":76.848559640348}]},"layers":[{"ddd":0,"ind":1,"ty":2,"nm":"dibucaidan.png","cl":"png","refId":"image_0","sr":1,"ks":{"o":{"a":0,"k":100,"ix":11},"r":{"a":0,"k":0,"ix":10},"p":{"a":0,"k":[562.5,2303,0],"ix":2},"a":{"a":0,"k":[562.5,133.5,0],"ix":1},"s":{"a":0,"k":[100,100,100],"ix":6}},"ao":0,"ip":0,"op":120,"st":0,"bm":0},{"ddd":0,"ind":2,"ty":2,"nm":"xialajiantou1.png","cl":"png","refId":"image_1","sr":1,"ks":{"o":{"a":1,"k":[{"i":{"x":[0.667],"y":[1]},"o":{"x":[0.333],"y":[0]},"t":17,"s":[0]},{"i":{"x":[0.833],"y":[1]},"o":{"x":[0.167],"y":[0]},"t":20,"s":[50]},{"i":{"x":[0.667],"y":[1]},"o":{"x":[0.167],"y":[0]},"t":27,"s":[50]},{"i":{"x":[0.667],"y":[1]},"o":{"x":[0.167],"y":[0]},"t":35,"s":[50]},{"i":{"x":[0.833],"y":[1]},"o":{"x":[0.167],"y":[0]},"t":46,"s":[0]},{"i":{"x":[0.667],"y":[1]},"o":{"x":[0.167],"y":[0]},"t":55,"s":[50]},{"i":{"x":[0.667],"y":[1]},"o":{"x":[0.167],"y":[0]},"t":64,"s":[50]},{"i":{"x":[0.667],"y":[1]},"o":{"x":[0.167],"y":[0]},"t":72,"s":[50]},{"i":{"x":[0.833],"y":[1]},"o":{"x":[0.167],"y":[0]},"t":83,"s":[0]},{"i":{"x":[0.667],"y":[1]},"o":{"x":[0.167],"y":[0]},"t":94,"s":[50]},{"t":100,"s":[0]}],"ix":11},"r":{"a":0,"k":0,"ix":10},"p":{"a":0,"k":[561.5,257.75,0],"ix":2},"a":{"a":0,"k":[12,7.5,0],"ix":1},"s":{"a":0,"k":[100,100,100],"ix":6}},"ao":0,"ip":0,"op":120,"st":-1,"bm":0},{"ddd":0,"ind":3,"ty":2,"nm":"xialajiantou1.png","cl":"png","refId":"image_1","sr":1,"ks":{"o":{"a":1,"k":[{"i":{"x":[0.667],"y":[1]},"o":{"x":[0.333],"y":[0]},"t":17,"s":[0]},{"i":{"x":[0.833],"y":[1]},"o":{"x":[0.167],"y":[0]},"t":20,"s":[100]},{"i":{"x":[0.667],"y":[1]},"o":{"x":[0.167],"y":[0]},"t":27,"s":[0]},{"i":{"x":[0.667],"y":[1]},"o":{"x":[0.167],"y":[0]},"t":35,"s":[100]},{"i":{"x":[0.833],"y":[1]},"o":{"x":[0.167],"y":[0]},"t":46,"s":[100]},{"i":{"x":[0.667],"y":[1]},"o":{"x":[0.167],"y":[0]},"t":55,"s":[0]},{"i":{"x":[0.667],"y":[1]},"o":{"x":[0.167],"y":[0]},"t":64,"s":[100]},{"i":{"x":[0.667],"y":[1]},"o":{"x":[0.167],"y":[0]},"t":72,"s":[100]},{"i":{"x":[0.833],"y":[1]},"o":{"x":[0.167],"y":[0]},"t":83,"s":[100]},{"i":{"x":[0.667],"y":[1]},"o":{"x":[0.167],"y":[0]},"t":94,"s":[0]},{"t":100,"s":[0]}],"ix":11},"r":{"a":0,"k":0,"ix":10},"p":{"a":0,"k":[561.5,248.75,0],"ix":2},"a":{"a":0,"k":[12,7.5,0],"ix":1},"s":{"a":0,"k":[100,100,100],"ix":6}},"ao":0,"ip":0,"op":120,"st":-1,"bm":0},{"ddd":0,"ind":4,"ty":5,"nm":"...                    ...","sr":1,"ks":{"o":{"a":1,"k":[{"i":{"x":[0.667],"y":[1]},"o":{"x":[0.333],"y":[0]},"t":17,"s":[0]},{"i":{"x":[0.667],"y":[1]},"o":{"x":[0.167],"y":[0]},"t":19,"s":[100]},{"i":{"x":[0.833],"y":[1]},"o":{"x":[0.167],"y":[0]},"t":98,"s":[100]},{"t":100,"s":[0]}],"ix":11},"r":{"a":0,"k":0,"ix":10},"p":{"a":0,"k":[562,160,0],"ix":2},"a":{"a":0,"k":[0,0,0],"ix":1},"s":{"a":0,"k":[100,100,100],"ix":6}},"ao":0,"t":{"d":{"k":[{"s":{"s":33,"f":"PingFangSC-Regular","t":"...                    ...","j":2,"tr":90,"lh":39.6,"ls":0,"fc":[0.333,0.333,0.333]},"t":0}]},"p":{},"m":{"g":1,"a":{"a":0,"k":[0,0],"ix":2}},"a":[]},"ip":0,"op":120,"st":-1,"bm":0},{"ddd":0,"ind":5,"ty":2,"nm":"wujian5.png","cl":"png","refId":"image_2","sr":1,"ks":{"o":{"a":1,"k":[{"i":{"x":[0.667],"y":[1]},"o":{"x":[0.333],"y":[0]},"t":17,"s":[0]},{"i":{"x":[0.667],"y":[1]},"o":{"x":[0.167],"y":[0]},"t":19,"s":[100]},{"i":{"x":[0.833],"y":[1]},"o":{"x":[0.167],"y":[0]},"t":98,"s":[100]},{"t":100,"s":[0]}],"ix":11},"r":{"a":0,"k":0,"ix":10},"p":{"a":1,"k":[{"i":{"x":0.667,"y":1},"o":{"x":0.333,"y":0},"t":47,"s":[668.5,157,0],"to":[0,-1.667,0],"ti":[0,0,0]},{"i":{"x":0.667,"y":1},"o":{"x":0.333,"y":0},"t":54,"s":[668.5,147,0],"to":[0,0,0],"ti":[0,-1.667,0]},{"i":{"x":0.833,"y":0.833},"o":{"x":0.167,"y":0.167},"t":62,"s":[668.5,157,0],"to":[0,0,0],"ti":[0,0,0]},{"i":{"x":0.667,"y":1},"o":{"x":0.333,"y":0},"t":82,"s":[668.5,157,0],"to":[0,-1.667,0],"ti":[0,0,0]},{"i":{"x":0.667,"y":1},"o":{"x":0.333,"y":0},"t":89,"s":[668.5,147,0],"to":[0,0,0],"ti":[0,-1.667,0]},{"t":97,"s":[668.5,157,0]}],"ix":2},"a":{"a":0,"k":[27,27,0],"ix":1},"s":{"a":0,"k":[100,100,100],"ix":6}},"ao":0,"ip":0,"op":120,"st":-1,"bm":0},{"ddd":0,"ind":6,"ty":2,"nm":"wujian4.png","cl":"png","refId":"image_3","sr":1,"ks":{"o":{"a":1,"k":[{"i":{"x":[0.667],"y":[1]},"o":{"x":[0.333],"y":[0]},"t":17,"s":[0]},{"i":{"x":[0.667],"y":[1]},"o":{"x":[0.167],"y":[0]},"t":19,"s":[100]},{"i":{"x":[0.833],"y":[1]},"o":{"x":[0.167],"y":[0]},"t":98,"s":[100]},{"t":100,"s":[0]}],"ix":11},"r":{"a":0,"k":0,"ix":10},"p":{"a":1,"k":[{"i":{"x":0.667,"y":1},"o":{"x":0.333,"y":0},"t":40,"s":[614.5,157.5,0],"to":[0,-1.667,0],"ti":[0,0,0]},{"i":{"x":0.667,"y":1},"o":{"x":0.333,"y":0},"t":47,"s":[614.5,147.5,0],"to":[0,0,0],"ti":[0,-1.667,0]},{"i":{"x":0.833,"y":0.833},"o":{"x":0.167,"y":0.167},"t":54,"s":[614.5,157.5,0],"to":[0,0,0],"ti":[0,0,0]},{"i":{"x":0.667,"y":1},"o":{"x":0.333,"y":0},"t":75,"s":[614.5,157.5,0],"to":[0,-1.667,0],"ti":[0,0,0]},{"i":{"x":0.667,"y":1},"o":{"x":0.333,"y":0},"t":82,"s":[614.5,147.5,0],"to":[0,0,0],"ti":[0,-1.667,0]},{"t":89,"s":[614.5,157.5,0]}],"ix":2},"a":{"a":0,"k":[19.5,19.5,0],"ix":1},"s":{"a":0,"k":[100,100,100],"ix":6}},"ao":0,"ip":0,"op":120,"st":-1,"bm":0},{"ddd":0,"ind":7,"ty":2,"nm":"wujian3.png","cl":"png","refId":"image_4","sr":1,"ks":{"o":{"a":1,"k":[{"i":{"x":[0.667],"y":[1]},"o":{"x":[0.333],"y":[0]},"t":17,"s":[0]},{"i":{"x":[0.667],"y":[1]},"o":{"x":[0.167],"y":[0]},"t":19,"s":[100]},{"i":{"x":[0.833],"y":[1]},"o":{"x":[0.167],"y":[0]},"t":98,"s":[100]},{"t":100,"s":[0]}],"ix":11},"r":{"a":0,"k":0,"ix":10},"p":{"a":1,"k":[{"i":{"x":0.667,"y":1},"o":{"x":0.333,"y":0},"t":33,"s":[561.5,158,0],"to":[0,-1.667,0],"ti":[0,0,0]},{"i":{"x":0.667,"y":1},"o":{"x":0.333,"y":0},"t":40,"s":[561.5,148,0],"to":[0,0,0],"ti":[0,-1.667,0]},{"i":{"x":0.833,"y":0.833},"o":{"x":0.167,"y":0.167},"t":47,"s":[561.5,158,0],"to":[0,0,0],"ti":[0,0,0]},{"i":{"x":0.667,"y":1},"o":{"x":0.333,"y":0},"t":68,"s":[561.5,158,0],"to":[0,-1.667,0],"ti":[0,0,0]},{"i":{"x":0.667,"y":1},"o":{"x":0.333,"y":0},"t":75,"s":[561.5,148,0],"to":[0,0,0],"ti":[0,-1.667,0]},{"t":82,"s":[561.5,158,0]}],"ix":2},"a":{"a":0,"k":[16.5,18,0],"ix":1},"s":{"a":0,"k":[100,100,100],"ix":6}},"ao":0,"ip":0,"op":120,"st":-1,"bm":0},{"ddd":0,"ind":8,"ty":2,"nm":"wujian2.png","cl":"png","refId":"image_5","sr":1,"ks":{"o":{"a":1,"k":[{"i":{"x":[0.667],"y":[1]},"o":{"x":[0.333],"y":[0]},"t":17,"s":[0]},{"i":{"x":[0.667],"y":[1]},"o":{"x":[0.167],"y":[0]},"t":19,"s":[100]},{"i":{"x":[0.833],"y":[1]},"o":{"x":[0.167],"y":[0]},"t":98,"s":[100]},{"t":100,"s":[0]}],"ix":11},"r":{"a":0,"k":0,"ix":10},"p":{"a":1,"k":[{"i":{"x":0.667,"y":1},"o":{"x":0.333,"y":0},"t":26,"s":[507.5,157.5,0],"to":[0,-1.667,0],"ti":[0,0,0]},{"i":{"x":0.667,"y":1},"o":{"x":0.333,"y":0},"t":33,"s":[507.5,147.5,0],"to":[0,0,0],"ti":[0,-1.667,0]},{"i":{"x":0.833,"y":0.833},"o":{"x":0.167,"y":0.167},"t":40,"s":[507.5,157.5,0],"to":[0,0,0],"ti":[0,0,0]},{"i":{"x":0.667,"y":1},"o":{"x":0.333,"y":0},"t":61,"s":[507.5,157.5,0],"to":[0,-1.667,0],"ti":[0,0,0]},{"i":{"x":0.667,"y":1},"o":{"x":0.333,"y":0},"t":68,"s":[507.5,147.5,0],"to":[0,0,0],"ti":[0,-1.667,0]},{"t":75,"s":[507.5,157.5,0]}],"ix":2},"a":{"a":0,"k":[18,19.5,0],"ix":1},"s":{"a":0,"k":[100,100,100],"ix":6}},"ao":0,"ip":0,"op":120,"st":-1,"bm":0},{"ddd":0,"ind":9,"ty":2,"nm":"wujian1.png","cl":"png","refId":"image_6","sr":1,"ks":{"o":{"a":1,"k":[{"i":{"x":[0.667],"y":[1]},"o":{"x":[0.333],"y":[0]},"t":17,"s":[0]},{"i":{"x":[0.667],"y":[1]},"o":{"x":[0.167],"y":[0]},"t":19,"s":[100]},{"i":{"x":[0.833],"y":[1]},"o":{"x":[0.167],"y":[0]},"t":98,"s":[100]},{"t":100,"s":[0]}],"ix":11},"r":{"a":0,"k":0,"ix":10},"p":{"a":1,"k":[{"i":{"x":0.667,"y":1},"o":{"x":0.333,"y":0},"t":19,"s":[456,157.045,0],"to":[0,-1.667,0],"ti":[0,0,0]},{"i":{"x":0.667,"y":1},"o":{"x":0.333,"y":0},"t":26,"s":[456,147.045,0],"to":[0,0,0],"ti":[0,-1.667,0]},{"i":{"x":0.667,"y":0.667},"o":{"x":0.167,"y":0.167},"t":33,"s":[456,157.045,0],"to":[0,0,0],"ti":[0,0,0]},{"i":{"x":0.667,"y":1},"o":{"x":0.333,"y":0},"t":54,"s":[456,157.045,0],"to":[0,-1.667,0],"ti":[0,0,0]},{"i":{"x":0.667,"y":1},"o":{"x":0.333,"y":0},"t":61,"s":[456,147.045,0],"to":[0,0,0],"ti":[0,-1.667,0]},{"t":68,"s":[456,157.045,0]}],"ix":2},"a":{"a":0,"k":[18,21,0],"ix":1},"s":{"a":0,"k":[100,100,100],"ix":6}},"ao":0,"ip":0,"op":120,"st":-1,"bm":0},{"ddd":0,"ind":10,"ty":5,"nm":"wenan","sr":1,"ks":{"o":{"a":1,"k":[{"i":{"x":[0.667],"y":[1]},"o":{"x":[0.333],"y":[0]},"t":17,"s":[0]},{"i":{"x":[0.667],"y":[1]},"o":{"x":[0.167],"y":[0]},"t":19,"s":[100]},{"i":{"x":[0.833],"y":[1]},"o":{"x":[0.167],"y":[0]},"t":98,"s":[100]},{"t":100,"s":[0]}],"ix":11},"r":{"a":0,"k":0,"ix":10},"p":{"a":0,"k":[561.599,226.931,0],"ix":2},"a":{"a":0,"k":[0,0,0],"ix":1},"s":{"a":0,"k":[100,100,100],"ix":6}},"ao":0,"t":{"d":{"k":[{"s":{"s":39,"f":"PingFangSC-Regular","t":"下拉查看我的足迹","j":2,"tr":90,"lh":46.8,"ls":0,"fc":[0.333,0.333,0.333]},"t":0}]},"p":{},"m":{"g":1,"a":{"a":0,"k":[0,0],"ix":2}},"a":[]},"ip":0,"op":120,"st":-1,"bm":0},{"ddd":0,"ind":11,"ty":2,"nm":"sy","refId":"image_7","sr":1,"ks":{"o":{"a":0,"k":100,"ix":11},"r":{"a":0,"k":0,"ix":10},"p":{"a":1,"k":[{"i":{"x":0.667,"y":1},"o":{"x":0.333,"y":0},"t":9,"s":[562.5,1218,0],"to":[0,46.333,0],"ti":[0,-46.333,0]},{"i":{"x":0.667,"y":0.667},"o":{"x":0.333,"y":0.333},"t":19,"s":[562.5,1496,0],"to":[0,0,0],"ti":[0,0,0]},{"i":{"x":0.667,"y":1},"o":{"x":0.333,"y":0},"t":98,"s":[562.5,1496,0],"to":[0,-46.333,0],"ti":[0,46.333,0]},{"t":108,"s":[562.5,1218,0]}],"ix":2},"a":{"a":0,"k":[562.5,1219.5,0],"ix":1},"s":{"a":0,"k":[100,100,100],"ix":6}},"ao":0,"ip":0,"op":120,"st":-1,"bm":0},{"ddd":0,"ind":12,"ty":2,"nm":"beihoubeijing.png","cl":"png","refId":"image_8","sr":1,"ks":{"o":{"a":0,"k":100,"ix":11},"r":{"a":0,"k":0,"ix":10},"p":{"a":0,"k":[561.5,383,0],"ix":2},"a":{"a":0,"k":[562.5,384,0],"ix":1},"s":{"a":0,"k":[100,100,100],"ix":6}},"ao":0,"ip":0,"op":120,"st":-1,"bm":0}],"markers":[],"chars":[{"ch":"下","size":39,"style":"Regular","w":100,"data":{"shapes":[{"ty":"gr","it":[{"ind":0,"ty":"sh","ix":1,"ks":{"a":0,"k":{"i":[[0,0],[0,0],[0,0],[0,0],[0,0],[0,0],[-13.394,-8.862],[0,0],[12.488,6.244],[0,0],[0,0],[0,0]],"o":[[0,0],[0,0],[0,0],[0,0],[0,0],[9.064,4.834],[0,0],[-12.891,-8.258],[0,0],[0,0],[0,0],[0,0]],"v":[[5.539,-76.941],[5.539,-69.791],[44.009,-69.791],[44.009,10.272],[51.361,10.272],[51.361,-46.93],[85.098,-26.385],[89.429,-32.831],[51.361,-54.584],[51.361,-69.791],[95.068,-69.791],[95.068,-76.941]],"c":true},"ix":2},"nm":"下","mn":"ADBE Vector Shape - Group","hd":false}],"nm":"下","np":3,"cix":2,"bm":0,"ix":1,"mn":"ADBE Vector Group","hd":false}]},"fFamily":"PingFang SC"},{"ch":"拉","size":39,"style":"Regular","w":100,"data":{"shapes":[{"ty":"gr","it":[{"ind":0,"ty":"sh","ix":1,"ks":{"a":0,"k":{"i":[[0,0],[0,0],[0,0],[0,0],[0,0],[1.712,4.733],[0,0],[-1.41,-5.438]],"o":[[0,0],[0,0],[0,0],[0,0],[-1.41,-6.042],[0,0],[1.813,4.633],[0,0]],"v":[[40.686,-66.064],[40.686,-59.116],[93.86,-59.116],[93.86,-66.064],[71.1,-66.064],[66.367,-82.278],[59.015,-81.07],[63.95,-66.064]],"c":true},"ix":2},"nm":"拉","mn":"ADBE Vector Shape - Group","hd":false},{"ind":1,"ty":"sh","ix":2,"ks":{"a":0,"k":{"i":[[0,0],[0,0],[0,0],[0,0],[0,0],[-3.223,18.53],[0,0],[4.633,-13.696]],"o":[[0,0],[0,0],[0,0],[0,0],[4.633,-14.502],[0,0],[-3.525,20.544],[0,0]],"v":[[38.068,-1.208],[38.068,5.841],[96.176,5.841],[96.176,-1.208],[76.437,-1.208],[88.22,-50.757],[81.271,-52.57],[69.086,-1.208]],"c":true},"ix":2},"nm":"拉","mn":"ADBE Vector Shape - Group","hd":false},{"ind":2,"ty":"sh","ix":3,"ks":{"a":0,"k":{"i":[[3.223,12.689],[0,0],[-2.216,-14.905],[0,0]],"o":[[0,0],[3.323,13.898],[0,0],[-2.417,-16.415]],"v":[[52.267,-51.462],[45.621,-49.347],[53.979,-6.143],[60.727,-7.855]],"c":true},"ix":2},"nm":"拉","mn":"ADBE Vector Shape - Group","hd":false},{"ind":3,"ty":"sh","ix":4,"ks":{"a":0,"k":{"i":[[0,0],[3.928,-1.813],[0,0],[0,0],[0,0],[0,0],[0,0],[0,0],[0,0],[0,0],[0,0],[0,0],[0,0],[5.237,-1.309],[0,0],[-4.431,1.712],[0,0],[2.719,0],[2.82,0.201],[0,0],[0,0],[0,6.042],[0,0],[-3.827,2.014]],"o":[[-3.827,2.115],[0,0],[0,0],[0,0],[0,0],[0,0],[0,0],[0,0],[0,0],[0,0],[0,0],[0,0],[-4.935,1.813],[0,0],[4.532,-1.41],[0,0],[0,2.82],[-2.618,0],[0,0],[0,0],[5.942,0],[0,0],[3.928,-1.813],[0,0]],"v":[[38.269,-42.499],[26.688,-36.557],[26.688,-56.799],[37.866,-56.799],[37.866,-63.748],[26.688,-63.748],[26.688,-81.976],[19.336,-81.976],[19.336,-63.748],[5.539,-63.748],[5.539,-56.799],[19.336,-56.799],[19.336,-33.536],[4.028,-28.802],[5.841,-21.552],[19.336,-26.285],[19.336,-1.611],[15.207,2.618],[7.05,2.216],[8.661,9.265],[17.725,9.265],[26.688,0.201],[26.688,-29.407],[38.269,-35.147]],"c":true},"ix":2},"nm":"拉","mn":"ADBE Vector Shape - Group","hd":false}],"nm":"拉","np":7,"cix":2,"bm":0,"ix":1,"mn":"ADBE Vector Group","hd":false}]},"fFamily":"PingFang SC"},{"ch":"查","size":39,"style":"Regular","w":100,"data":{"shapes":[{"ty":"gr","it":[{"ind":0,"ty":"sh","ix":1,"ks":{"a":0,"k":{"i":[[0,0],[0,0],[0,0],[0,0]],"o":[[0,0],[0,0],[0,0],[0,0]],"v":[[20.444,-44.513],[20.444,-7.452],[80.667,-7.452],[80.667,-44.513]],"c":true},"ix":2},"nm":"查","mn":"ADBE Vector Shape - Group","hd":false},{"ind":1,"ty":"sh","ix":2,"ks":{"a":0,"k":{"i":[[0,0],[0,0],[0,0],[0,0]],"o":[[0,0],[0,0],[0,0],[0,0]],"v":[[73.618,-13.898],[27.493,-13.898],[27.493,-22.76],[73.618,-22.76]],"c":true},"ix":2},"nm":"查","mn":"ADBE Vector Shape - Group","hd":false},{"ind":2,"ty":"sh","ix":3,"ks":{"a":0,"k":{"i":[[0,0],[0,0],[0,0],[0,0]],"o":[[0,0],[0,0],[0,0],[0,0]],"v":[[27.493,-28.903],[27.493,-38.068],[73.618,-38.068],[73.618,-28.903]],"c":true},"ix":2},"nm":"查","mn":"ADBE Vector Shape - Group","hd":false},{"ind":3,"ty":"sh","ix":4,"ks":{"a":0,"k":{"i":[[0,0],[0,0],[0,0],[16.113,-4.633],[0,0],[-7.855,9.668],[0,0],[0,0],[0,0],[0,0],[0,0],[-18.127,-6.143],[0,0],[7.553,7.352],[0,0],[0,0],[0,0],[0,0],[0,0],[0,0]],"o":[[0,0],[0,0],[-7.855,7.05],[0,0],[17.624,-6.345],[0,0],[0,0],[0,0],[0,0],[0,0],[7.452,9.869],[0,0],[-15.912,-4.23],[0,0],[0,0],[0,0],[0,0],[0,0],[0,0],[0,0]],"v":[[9.164,-73.215],[9.164,-66.568],[40.283,-66.568],[4.33,-48.944],[8.157,-42.499],[46.426,-66.568],[47.031,-66.568],[47.031,-47.736],[54.08,-47.736],[54.08,-66.568],[54.684,-66.568],[93.054,-42.599],[96.176,-49.146],[61.029,-66.568],[91.946,-66.568],[91.946,-73.215],[54.08,-73.215],[54.08,-82.48],[47.031,-82.48],[47.031,-73.215]],"c":true},"ix":2},"nm":"查","mn":"ADBE Vector Shape - Group","hd":false},{"ind":4,"ty":"sh","ix":5,"ks":{"a":0,"k":{"i":[[0,0],[0,0],[0,0],[0,0]],"o":[[0,0],[0,0],[0,0],[0,0]],"v":[[7.15,0.403],[7.15,7.15],[93.658,7.15],[93.658,0.403]],"c":true},"ix":2},"nm":"查","mn":"ADBE Vector Shape - Group","hd":false}],"nm":"查","np":8,"cix":2,"bm":0,"ix":1,"mn":"ADBE Vector Group","hd":false}]},"fFamily":"PingFang SC"},{"ch":"看","size":39,"style":"Regular","w":100,"data":{"shapes":[{"ty":"gr","it":[{"ind":0,"ty":"sh","ix":1,"ks":{"a":0,"k":{"i":[[0,0],[0,0],[0,0],[1.611,-2.316],[0,0],[0,0],[0,0],[10.977,-7.452],[0,0],[-5.136,4.633],[0,0],[0,0],[0,0],[0,0],[0,0],[0,0],[0,0],[0,0],[-1.813,2.417],[0,0],[0,0],[0,0],[-1.208,2.417],[0,0],[0,0],[0,0],[-0.906,2.719],[-9.567,2.115],[0,0],[28.601,0],[0,0],[-9.869,0.604],[1.108,-2.417]],"o":[[0,0],[0,0],[-1.309,2.216],[0,0],[0,0],[0,0],[-7.15,8.459],[0,0],[6.244,-4.23],[0,0],[0,0],[0,0],[0,0],[0,0],[0,0],[0,0],[0,0],[1.913,-2.216],[0,0],[0,0],[0,0],[1.309,-2.216],[0,0],[0,0],[0,0],[1.007,-2.518],[12.689,-1.007],[0,0],[-18.832,3.827],[0,0],[11.481,0],[-1.007,2.417],[0,0]],"v":[[12.286,-63.748],[12.286,-57.504],[40.887,-57.504],[36.456,-50.656],[6.848,-50.656],[6.848,-44.211],[31.421,-44.211],[4.23,-20.444],[8.157,-14.2],[25.177,-27.594],[25.177,10.172],[32.126,10.172],[32.126,5.841],[77.646,5.841],[77.646,10.172],[84.595,10.172],[84.595,-37.262],[34.644,-37.262],[40.182,-44.211],[94.666,-44.211],[94.666,-50.656],[44.614,-50.656],[48.441,-57.504],[88.824,-57.504],[88.824,-63.748],[51.361,-63.748],[54.282,-71.603],[87.616,-76.236],[84.293,-81.976],[13.193,-76.236],[15.308,-70.193],[47.333,-71.1],[44.211,-63.748]],"c":true},"ix":2},"nm":"看","mn":"ADBE Vector Shape - Group","hd":false},{"ind":1,"ty":"sh","ix":2,"ks":{"a":0,"k":{"i":[[0,0],[0,0],[0,0],[0,0]],"o":[[0,0],[0,0],[0,0],[0,0]],"v":[[32.126,-18.933],[77.646,-18.933],[77.646,-12.589],[32.126,-12.589]],"c":true},"ix":2},"nm":"看","mn":"ADBE Vector Shape - Group","hd":false},{"ind":2,"ty":"sh","ix":3,"ks":{"a":0,"k":{"i":[[0,0],[0,0],[0,0],[0,0]],"o":[[0,0],[0,0],[0,0],[0,0]],"v":[[77.646,-24.573],[32.126,-24.573],[32.126,-31.32],[77.646,-31.32]],"c":true},"ix":2},"nm":"看","mn":"ADBE Vector Shape - Group","hd":false},{"ind":3,"ty":"sh","ix":4,"ks":{"a":0,"k":{"i":[[0,0],[0,0],[0,0],[0,0]],"o":[[0,0],[0,0],[0,0],[0,0]],"v":[[32.126,-6.949],[77.646,-6.949],[77.646,-0.101],[32.126,-0.101]],"c":true},"ix":2},"nm":"看","mn":"ADBE Vector Shape - Group","hd":false}],"nm":"看","np":7,"cix":2,"bm":0,"ix":1,"mn":"ADBE Vector Group","hd":false}]},"fFamily":"PingFang SC"},{"ch":"我","size":39,"style":"Regular","w":100,"data":{"shapes":[{"ty":"gr","it":[{"ind":0,"ty":"sh","ix":1,"ks":{"a":0,"k":{"i":[[0,0],[6.546,-1.712],[0,0],[0,0],[-1.41,-5.74],[-1.208,-3.424],[9.869,-3.625],[0,0],[-7.251,6.445],[-2.014,-2.719],[-4.129,0],[-2.417,14.301],[0,0],[2.014,-0.101],[3.223,4.834],[1.41,3.424],[-4.633,9.467],[0,0],[4.834,-5.841],[0.604,2.618],[0.705,7.251],[0,0],[0,0],[0,0],[0.101,10.172],[0,0],[-0.604,-8.157],[0,0],[0,0],[-4.633,1.611],[0,0],[14.301,-1.611],[0,0],[-5.338,1.108],[0,0],[0,0],[0,0],[0,0],[0,0],[7.352,-1.208],[0,0],[-6.445,1.41],[0,0],[2.82,0],[3.525,0.302],[0,0],[0,0],[0,5.841],[0,0],[-5.841,1.913]],"o":[[-5.64,1.913],[0,0],[0,0],[0.806,7.654],[1.007,3.928],[-7.352,6.949],[0,0],[9.164,-3.625],[1.611,3.625],[4.633,6.042],[4.633,0],[0,0],[-1.611,11.279],[-1.913,0],[-1.611,-2.316],[6.345,-6.747],[0,0],[-3.625,7.452],[-0.705,-2.216],[-1.208,-4.935],[0,0],[0,0],[0,0],[-0.604,-7.855],[0,0],[0,9.869],[0,0],[0,0],[5.237,-1.41],[0,0],[-11.078,4.33],[0,0],[5.74,-0.806],[0,0],[0,0],[0,0],[0,0],[0,0],[-6.546,1.41],[0,0],[6.848,-1.108],[0,0],[0,2.719],[-3.323,0],[0,0],[0,0],[6.143,0],[0,0],[6.445,-1.712],[0,0]],"v":[[51.462,-35.449],[33.133,-30.011],[33.133,-48.138],[57.907,-48.138],[61.23,-28.098],[64.554,-17.02],[38.773,-1.108],[42.7,5.136],[67.374,-9.97],[72.913,-0.403],[86.005,8.661],[96.579,-12.79],[90.234,-16.113],[84.897,0.906],[77.142,-6.445],[72.711,-15.106],[89.127,-39.377],[82.883,-42.7],[70.093,-22.76],[68.079,-29.91],[65.259,-48.138],[95.773,-48.138],[95.773,-55.087],[64.655,-55.087],[63.647,-82.077],[56.396,-82.077],[57.303,-55.087],[33.133,-55.087],[33.133,-70.193],[48.038,-74.725],[45.621,-81.573],[7.553,-72.711],[9.064,-65.762],[25.681,-68.582],[25.681,-55.087],[4.935,-55.087],[4.935,-48.138],[25.681,-48.138],[25.681,-28.299],[4.834,-24.472],[5.841,-17.12],[25.681,-20.947],[25.681,-1.813],[21.451,2.316],[11.179,1.813],[12.689,8.762],[23.868,8.762],[33.133,0],[33.133,-22.659],[51.462,-28.098]],"c":true},"ix":2},"nm":"我","mn":"ADBE Vector Shape - Group","hd":false},{"ind":1,"ty":"sh","ix":2,"ks":{"a":0,"k":{"i":[[7.251,4.834],[0,0],[-4.431,-4.633],[0,0]],"o":[[0,0],[7.654,5.338],[0,0],[-5.035,-4.834]],"v":[[74.725,-80.969],[69.891,-76.337],[87.918,-61.331],[93.155,-66.568]],"c":true},"ix":2},"nm":"我","mn":"ADBE Vector Shape - Group","hd":false}],"nm":"我","np":5,"cix":2,"bm":0,"ix":1,"mn":"ADBE Vector Group","hd":false}]},"fFamily":"PingFang SC"},{"ch":"的","size":39,"style":"Regular","w":100,"data":{"shapes":[{"ty":"gr","it":[{"ind":0,"ty":"sh","ix":1,"ks":{"a":0,"k":{"i":[[0,0],[0,0],[-1.208,5.942],[0,0],[2.014,-5.64],[0,0],[0,0],[0,0],[0,0],[0,0],[0,0],[0,0]],"o":[[0,0],[2.014,-5.035],[0,0],[-0.906,6.042],[0,0],[0,0],[0,0],[0,0],[0,0],[0,0],[0,0],[0,0]],"v":[[40.686,-64.856],[24.472,-64.856],[29.205,-81.372],[21.954,-82.379],[17.624,-64.856],[8.258,-64.856],[8.258,6.747],[15.308,6.747],[15.308,-1.913],[33.636,-1.913],[33.636,3.827],[40.686,3.827]],"c":true},"ix":2},"nm":"的","mn":"ADBE Vector Shape - Group","hd":false},{"ind":1,"ty":"sh","ix":2,"ks":{"a":0,"k":{"i":[[0,0],[0,0],[0,0],[0,0]],"o":[[0,0],[0,0],[0,0],[0,0]],"v":[[15.308,-8.661],[15.308,-30.716],[33.636,-30.716],[33.636,-8.661]],"c":true},"ix":2},"nm":"的","mn":"ADBE Vector Shape - Group","hd":false},{"ind":2,"ty":"sh","ix":3,"ks":{"a":0,"k":{"i":[[0,0],[0,0],[0,0],[0,0]],"o":[[0,0],[0,0],[0,0],[0,0]],"v":[[15.308,-37.262],[15.308,-58.008],[33.636,-58.008],[33.636,-37.262]],"c":true},"ix":2},"nm":"的","mn":"ADBE Vector Shape - Group","hd":false},{"ind":3,"ty":"sh","ix":4,"ks":{"a":0,"k":{"i":[[7.251,8.359],[0,0],[-4.129,-6.647],[0,0]],"o":[[0,0],[6.949,8.258],[0,0],[-3.827,-6.244]],"v":[[58.209,-41.492],[52.368,-37.866],[68.985,-15.509],[74.725,-19.537]],"c":true},"ix":2},"nm":"的","mn":"ADBE Vector Shape - Group","hd":false},{"ind":4,"ty":"sh","ix":5,"ks":{"a":0,"k":{"i":[[0,33.435],[0,0],[-1.208,5.942],[0,0],[7.05,-9.869],[0,0],[-2.82,6.345],[0,0],[0.604,-5.64],[4.733,0],[4.23,0.201],[0,0],[-2.014,0],[-1.007,7.654]],"o":[[0,0],[1.813,-5.237],[0,0],[-2.618,14.301],[0,0],[3.928,-5.136],[0,0],[-0.201,29.004],[-0.806,5.136],[-3.122,0],[0,0],[4.834,0.201],[8.459,0],[1.007,-7.855]],"v":[[92.752,-64.755],[60.626,-64.755],[65.057,-81.573],[57.907,-82.48],[43.506,-46.225],[47.836,-40.485],[57.907,-57.706],[85.602,-57.706],[84.393,-5.64],[76.135,2.115],[65.158,1.813],[66.87,8.459],[77.142,8.862],[91.241,-2.719]],"c":true},"ix":2},"nm":"的","mn":"ADBE Vector Shape - Group","hd":false}],"nm":"的","np":8,"cix":2,"bm":0,"ix":1,"mn":"ADBE Vector Group","hd":false}]},"fFamily":"PingFang SC"},{"ch":"足","size":39,"style":"Regular","w":100,"data":{"shapes":[{"ty":"gr","it":[{"ind":0,"ty":"sh","ix":1,"ks":{"a":0,"k":{"i":[[0,0],[0,0],[0,0],[0,0],[1.511,0.604],[4.733,9.567],[-1.108,5.539],[0,0],[9.265,-10.474],[0,0],[-4.028,9.668],[-5.64,-2.82],[-18.027,-0.101],[-6.143,0],[0,0],[7.553,0],[5.539,0.705],[0,0],[0,0],[0,0],[0,0],[0,0],[0,0],[0,0]],"o":[[0,0],[0,0],[0,0],[-2.014,-0.504],[-6.042,-2.618],[1.511,-4.834],[0,0],[-3.323,17.725],[0,0],[5.942,-6.445],[4.431,8.56],[6.445,3.223],[4.935,0.101],[0,0],[-5.237,0.302],[-7.855,0],[0,0],[0,0],[0,0],[0,0],[0,0],[0,0],[0,0],[0,0]],"v":[[20.041,-78.351],[20.041,-44.11],[48.843,-44.11],[48.843,-0.705],[43.607,-2.417],[27.493,-20.645],[31.421,-36.255],[24.371,-37.564],[5.438,4.733],[10.071,10.474],[24.976,-13.696],[40.182,3.424],[76.84,8.359],[93.457,8.56],[95.471,1.309],[76.337,1.813],[56.195,0.705],[56.195,-20.343],[89.429,-20.343],[89.429,-27.393],[56.195,-27.393],[56.195,-44.11],[83.286,-44.11],[83.286,-78.351]],"c":true},"ix":2},"nm":"足","mn":"ADBE Vector Shape - Group","hd":false},{"ind":1,"ty":"sh","ix":2,"ks":{"a":0,"k":{"i":[[0,0],[0,0],[0,0],[0,0]],"o":[[0,0],[0,0],[0,0],[0,0]],"v":[[75.934,-50.958],[27.292,-50.958],[27.292,-71.402],[75.934,-71.402]],"c":true},"ix":2},"nm":"足","mn":"ADBE Vector Shape - Group","hd":false}],"nm":"足","np":5,"cix":2,"bm":0,"ix":1,"mn":"ADBE Vector Group","hd":false}]},"fFamily":"PingFang SC"},{"ch":"迹","size":39,"style":"Regular","w":100,"data":{"shapes":[{"ty":"gr","it":[{"ind":0,"ty":"sh","ix":1,"ks":{"a":0,"k":{"i":[[0,0],[5.035,-6.647],[0,0],[-1.611,13.495]],"o":[[-1.41,11.481],[0,0],[5.237,-6.647],[0,0]],"v":[[39.478,-52.972],[29.81,-25.781],[35.349,-21.854],[45.621,-52.066]],"c":true},"ix":2},"nm":"迹","mn":"ADBE Vector Shape - Group","hd":false},{"ind":1,"ty":"sh","ix":2,"ks":{"a":0,"k":{"i":[[0,0],[0,0],[9.769,-8.661],[0,0],[-0.201,21.149],[0,0],[0,0],[0,0],[2.014,0],[2.518,0.302],[0,0],[0,0],[0,4.935],[0,0],[0,0],[0,0],[0,0],[1.41,3.323],[0,0],[-1.41,-3.726],[0,0],[0,0]],"o":[[0,0],[-0.201,19.135],[0,0],[10.876,-9.769],[0,0],[0,0],[0,0],[0,2.014],[-2.316,0],[0,0],[0,0],[4.733,0],[0,0],[0,0],[0,0],[0,0],[-1.41,-4.23],[0,0],[1.511,3.021],[0,0],[0,0],[0,0]],"v":[[52.066,-64.151],[52.066,-50.555],[37.161,-8.963],[42.499,-4.23],[59.116,-50.555],[59.116,-64.151],[70.697,-64.151],[70.697,-12.488],[67.676,-9.467],[60.425,-9.97],[61.935,-3.323],[70.093,-3.323],[77.243,-10.776],[77.243,-64.151],[92.651,-64.151],[92.651,-70.898],[67.776,-70.898],[63.547,-82.278],[56.195,-81.07],[60.526,-70.898],[34.442,-70.898],[34.442,-64.151]],"c":true},"ix":2},"nm":"迹","mn":"ADBE Vector Shape - Group","hd":false},{"ind":2,"ty":"sh","ix":3,"ks":{"a":0,"k":{"i":[[6.445,5.438],[0,0],[-4.028,-5.136],[0,0]],"o":[[0,0],[7.05,5.841],[0,0],[-4.532,-5.438]],"v":[[12.286,-81.372],[7.251,-76.639],[23.767,-60.123],[28.802,-65.057]],"c":true},"ix":2},"nm":"迹","mn":"ADBE Vector Shape - Group","hd":false},{"ind":3,"ty":"sh","ix":4,"ks":{"a":0,"k":{"i":[[-5.64,0],[0,0],[0,0],[4.935,-0.201],[4.834,0],[5.338,0.101],[3.122,1.309],[2.417,2.82],[0.806,0.604],[0,0],[0,0],[0,0],[0,0],[0,0],[5.237,-8.459],[0,0],[-2.417,0],[-1.41,-1.813],[-4.028,-1.208],[-6.647,-0.101]],"o":[[0,0],[0,0],[-2.618,0.201],[-5.035,0],[-8.057,0],[-6.042,-0.201],[-2.921,-1.41],[-0.806,-1.007],[0,0],[0,0],[0,0],[0,0],[0,0],[-4.028,1.712],[0,0],[5.438,-9.265],[1.208,0],[3.223,3.625],[4.129,1.108],[6.445,0.101]],"v":[[71.201,8.359],[94.666,8.359],[96.378,1.108],[84.998,1.611],[70.193,1.712],[50.153,1.511],[36.356,-0.806],[28.299,-7.251],[25.781,-9.668],[25.781,-47.333],[5.237,-47.333],[5.237,-40.686],[19.034,-40.686],[19.034,-9.97],[5.136,5.338],[10.574,10.272],[22.256,-3.625],[26.184,-1.007],[36.96,6.345],[53.073,8.157]],"c":true},"ix":2},"nm":"迹","mn":"ADBE Vector Shape - Group","hd":false},{"ind":4,"ty":"sh","ix":5,"ks":{"a":0,"k":{"i":[[2.82,9.064],[0,0],[-1.913,-10.675],[0,0]],"o":[[0,0],[3.021,9.97],[0,0],[-2.316,-11.783]],"v":[[87.213,-51.462],[81.271,-49.548],[88.623,-18.53],[94.968,-20.142]],"c":true},"ix":2},"nm":"迹","mn":"ADBE Vector Shape - Group","hd":false}],"nm":"迹","np":8,"cix":2,"bm":0,"ix":1,"mn":"ADBE Vector Group","hd":false}]},"fFamily":"PingFang SC"},{"ch":".","size":33,"style":"Regular","w":26.4,"data":{"shapes":[{"ty":"gr","it":[{"ind":0,"ty":"sh","ix":1,"ks":{"a":0,"k":{"i":[[1.611,0],[1.108,-1.208],[0,-1.813],[-1.208,-1.208],[-1.813,0],[-1.208,1.208],[0,1.712],[1.208,1.208]],"o":[[-1.813,0],[-1.208,1.208],[0,1.712],[1.108,1.208],[1.611,0],[1.208,-1.208],[0,-1.813],[-1.208,-1.208]],"v":[[13.293,-11.984],[8.963,-10.172],[7.15,-5.74],[8.963,-1.41],[13.293,0.403],[17.624,-1.41],[19.437,-5.74],[17.624,-10.172]],"c":true},"ix":2},"nm":".","mn":"ADBE Vector Shape - Group","hd":false}],"nm":".","np":3,"cix":2,"bm":0,"ix":1,"mn":"ADBE Vector Group","hd":false}]},"fFamily":"PingFang SC"},{"ch":" ","size":33,"style":"Regular","w":33.3,"data":{},"fFamily":"PingFang SC"}]}