{"v":"5.6.10","fr":30,"ip":0,"op":22,"w":1125,"h":528,"nm":"zhuti","ddd":0,"assets":[{"id":"image_0","w":18,"h":9,"u":"images/","p":"img_0.png","e":0},{"id":"image_1","w":304,"h":26,"u":"images/","p":"img_1.png","e":0},{"id":"image_2","w":496,"h":40,"u":"images/","p":"img_2.png","e":0},{"id":"image_3","w":1125,"h":1911,"u":"images/","p":"img_3.jpg","e":0},{"id":"image_4","w":13,"h":13,"u":"images/","p":"img_4.png","e":0},{"id":"image_5","w":1125,"h":45,"u":"images/","p":"img_5.png","e":0},{"id":"image_6","w":1125,"h":45,"u":"images/","p":"img_6.png","e":0},{"id":"image_7","w":369,"h":372,"u":"images/","p":"img_7.png","e":0},{"id":"image_8","w":460,"h":460,"u":"images/","p":"img_8.png","e":0},{"id":"image_9","w":1125,"h":528,"u":"images/","p":"img_9.jpg","e":0},{"id":"image_10","w":1125,"h":528,"u":"images/","p":"img_10.jpg","e":0},{"id":"video_0","w":1124,"h":2436,"u":"images/","p":"vid_0.mp4","e":0}],"layers":[{"ddd":0,"ind":2,"ty":9,"nm":"反转.mp4","cl":"mp4","refId":"video_0","sr":-1,"ks":{"o":{"a":0,"k":100,"ix":11},"r":{"a":0,"k":0,"ix":10},"p":{"a":0,"k":[562.5,1213.5,0],"ix":2},"a":{"a":0,"k":[562,1218,0],"ix":1},"s":{"a":0,"k":[100,100,100],"ix":6}},"ao":0,"ip":334.99,"op":196,"st":335,"bm":0},{"ddd":0,"ind":3,"ty":2,"nm":"zhuti-heiye-xiaodian.png","cl":"png","refId":"image_0","sr":1,"ks":{"o":{"a":1,"k":[{"i":{"x":[0.667],"y":[1]},"o":{"x":[0.333],"y":[0]},"t":109,"s":[0]},{"i":{"x":[0.667],"y":[1]},"o":{"x":[0.333],"y":[0]},"t":124,"s":[100]},{"i":{"x":[0.833],"y":[1]},"o":{"x":[0.167],"y":[0]},"t":139,"s":[0]},{"i":{"x":[0.667],"y":[1]},"o":{"x":[0.333],"y":[0]},"t":153,"s":[0]},{"i":{"x":[0.667],"y":[1]},"o":{"x":[0.333],"y":[0]},"t":168,"s":[100]},{"i":{"x":[0.833],"y":[1]},"o":{"x":[0.167],"y":[0]},"t":183,"s":[0]},{"i":{"x":[0.667],"y":[1]},"o":{"x":[0.333],"y":[0]},"t":197,"s":[0]},{"i":{"x":[0.667],"y":[1]},"o":{"x":[0.333],"y":[0]},"t":212,"s":[100]},{"i":{"x":[0.833],"y":[1]},"o":{"x":[0.167],"y":[0]},"t":227,"s":[0]},{"i":{"x":[0.667],"y":[1]},"o":{"x":[0.333],"y":[0]},"t":241,"s":[0]},{"i":{"x":[0.667],"y":[1]},"o":{"x":[0.333],"y":[0]},"t":256,"s":[100]},{"t":271,"s":[0]}],"ix":11},"r":{"a":0,"k":0,"ix":10},"p":{"a":0,"k":[528.5,513.5,0],"ix":2},"a":{"a":0,"k":[9,4.5,0],"ix":1},"s":{"a":0,"k":[100,100,100],"ix":6}},"ao":0,"ip":0,"op":270,"st":0,"bm":0},{"ddd":0,"ind":4,"ty":2,"nm":"zhuti-heiye-yueliangguang.png","cl":"png","refId":"image_1","sr":1,"ks":{"o":{"a":1,"k":[{"i":{"x":[0.667],"y":[1]},"o":{"x":[0.333],"y":[0]},"t":104,"s":[0]},{"i":{"x":[0.667],"y":[1]},"o":{"x":[0.333],"y":[0]},"t":119,"s":[100]},{"t":134,"s":[0]}],"ix":11},"r":{"a":0,"k":0,"ix":10},"p":{"a":0,"k":[973,501.5,0],"ix":2},"a":{"a":0,"k":[152,13,0],"ix":1},"s":{"a":0,"k":[100,100,100],"ix":6}},"ao":0,"ip":0,"op":270,"st":-1,"bm":0},{"ddd":0,"ind":5,"ty":2,"nm":"zhuti-baitian-taiyangguang.png","cl":"png","refId":"image_2","sr":1,"ks":{"o":{"a":1,"k":[{"i":{"x":[0.667],"y":[1]},"o":{"x":[0.333],"y":[0]},"t":104,"s":[0]},{"i":{"x":[0.667],"y":[1]},"o":{"x":[0.333],"y":[0]},"t":119,"s":[100]},{"t":134,"s":[0]}],"ix":11},"r":{"a":0,"k":0,"ix":10},"p":{"a":0,"k":[260.5,504,0],"ix":2},"a":{"a":0,"k":[248,20,0],"ix":1},"s":{"a":0,"k":[100,100,100],"ix":6}},"ao":0,"ip":0,"op":270,"st":0,"bm":0},{"ddd":0,"ind":6,"ty":2,"nm":"shouye.jpg","cl":"jpg","refId":"image_3","sr":1,"ks":{"o":{"a":0,"k":100,"ix":11},"r":{"a":0,"k":0,"ix":10},"p":{"a":0,"k":[562.5,1484,0],"ix":2},"a":{"a":0,"k":[562.5,955.5,0],"ix":1},"s":{"a":0,"k":[100,100,100],"ix":6}},"ao":0,"ip":0,"op":270,"st":0,"bm":0},{"ddd":0,"ind":7,"ty":2,"nm":"zhuti-baitian-yancongyan.png","cl":"png","refId":"image_4","sr":1,"ks":{"o":{"a":1,"k":[{"i":{"x":[0.667],"y":[1]},"o":{"x":[0.333],"y":[0]},"t":7,"s":[0]},{"i":{"x":[0.667],"y":[1]},"o":{"x":[0.333],"y":[0]},"t":9,"s":[100]},{"i":{"x":[0.667],"y":[1]},"o":{"x":[0.333],"y":[0]},"t":19,"s":[100]},{"i":{"x":[0.833],"y":[1]},"o":{"x":[0.167],"y":[0]},"t":21,"s":[0]},{"i":{"x":[0.667],"y":[1]},"o":{"x":[0.333],"y":[0]},"t":52,"s":[0]},{"i":{"x":[0.667],"y":[1]},"o":{"x":[0.333],"y":[0]},"t":54,"s":[100]},{"i":{"x":[0.667],"y":[1]},"o":{"x":[0.333],"y":[0]},"t":64,"s":[100]},{"i":{"x":[0.833],"y":[1]},"o":{"x":[0.167],"y":[0]},"t":66,"s":[0]},{"i":{"x":[0.667],"y":[1]},"o":{"x":[0.333],"y":[0]},"t":92,"s":[0]},{"i":{"x":[0.667],"y":[1]},"o":{"x":[0.333],"y":[0]},"t":94,"s":[100]},{"i":{"x":[0.667],"y":[1]},"o":{"x":[0.333],"y":[0]},"t":104,"s":[100]},{"t":106,"s":[0]}],"ix":11},"r":{"a":0,"k":0,"ix":10},"p":{"a":1,"k":[{"i":{"x":0.667,"y":0.668},"o":{"x":0.333,"y":0},"t":7,"s":[553,484.25,0],"to":[0,-0.28,0],"ti":[0,0.451,0]},{"i":{"x":0.667,"y":1},"o":{"x":0.333,"y":0.235},"t":9,"s":[553,482.144,0],"to":[0,-4.913,0],"ti":[0,0,0]},{"i":{"x":0.833,"y":1},"o":{"x":0.167,"y":0},"t":21,"s":[553,464.25,0],"to":[0,0,0],"ti":[0,0,0]},{"i":{"x":0.667,"y":1},"o":{"x":0.333,"y":0},"t":52,"s":[553,484.25,0],"to":[0,0,0],"ti":[0,0,0]},{"i":{"x":0.833,"y":1},"o":{"x":0.167,"y":0},"t":66,"s":[553,464.25,0],"to":[0,0,0],"ti":[0,0,0]},{"i":{"x":0.667,"y":1},"o":{"x":0.333,"y":0},"t":92,"s":[553,484.25,0],"to":[0,0,0],"ti":[0,3.667,0]},{"i":{"x":0.667,"y":1},"o":{"x":0.167,"y":0},"t":106,"s":[553,464.25,0],"to":[0,-3.667,0],"ti":[0,0.333,0]},{"t":171,"s":[553,462.25,0]}],"ix":2},"a":{"a":0,"k":[6.5,6.5,0],"ix":1},"s":{"a":1,"k":[{"i":{"x":[0.667,0.667,0.667],"y":[1,1,1]},"o":{"x":[0.333,0.333,0.333],"y":[0,0,0]},"t":7,"s":[50,50,100]},{"i":{"x":[0.833,0.833,0.833],"y":[1,1,1]},"o":{"x":[0.167,0.167,0.167],"y":[0,0,0]},"t":21,"s":[80,80,100]},{"i":{"x":[0.667,0.667,0.667],"y":[1,1,1]},"o":{"x":[0.333,0.333,0.333],"y":[0,0,0]},"t":52,"s":[50,50,100]},{"i":{"x":[0.833,0.833,0.833],"y":[1,1,1]},"o":{"x":[0.167,0.167,0.167],"y":[0,0,0]},"t":66,"s":[80,80,100]},{"i":{"x":[0.667,0.667,0.667],"y":[1,1,1]},"o":{"x":[0.333,0.333,0.333],"y":[0,0,0]},"t":92,"s":[50,50,100]},{"t":106,"s":[80,80,100]}],"ix":6}},"ao":0,"ip":0,"op":270,"st":0,"bm":0},{"ddd":0,"ind":8,"ty":2,"nm":"zhuti-baitian-yancongyan.png","cl":"png","refId":"image_4","sr":1,"ks":{"o":{"a":1,"k":[{"i":{"x":[0.667],"y":[1]},"o":{"x":[0.333],"y":[0]},"t":0,"s":[0]},{"i":{"x":[0.667],"y":[1]},"o":{"x":[0.333],"y":[0]},"t":2,"s":[100]},{"i":{"x":[0.667],"y":[1]},"o":{"x":[0.333],"y":[0]},"t":12,"s":[100]},{"i":{"x":[0.667],"y":[1]},"o":{"x":[0.167],"y":[0]},"t":14,"s":[0]},{"i":{"x":[0.667],"y":[1]},"o":{"x":[0.333],"y":[0]},"t":44,"s":[0]},{"i":{"x":[0.667],"y":[1]},"o":{"x":[0.333],"y":[0]},"t":46,"s":[100]},{"i":{"x":[0.667],"y":[1]},"o":{"x":[0.333],"y":[0]},"t":56,"s":[100]},{"i":{"x":[0.667],"y":[1]},"o":{"x":[0.167],"y":[0]},"t":58,"s":[0]},{"i":{"x":[0.667],"y":[1]},"o":{"x":[0.333],"y":[0]},"t":85,"s":[0]},{"i":{"x":[0.667],"y":[1]},"o":{"x":[0.333],"y":[0]},"t":87,"s":[100]},{"i":{"x":[0.667],"y":[1]},"o":{"x":[0.333],"y":[0]},"t":97,"s":[100]},{"t":99,"s":[0]}],"ix":11},"r":{"a":0,"k":0,"ix":10},"p":{"a":1,"k":[{"i":{"x":0.667,"y":0.611},"o":{"x":0.333,"y":0},"t":0,"s":[553,484.25,0],"to":[0,-2.032,0],"ti":[0,5.146,0]},{"i":{"x":0.667,"y":1},"o":{"x":0.333,"y":0.679},"t":9,"s":[553,469.082,0],"to":[0,-3.294,0],"ti":[0,0,0]},{"i":{"x":0.667,"y":1},"o":{"x":0.167,"y":0},"t":14,"s":[553,464.25,0],"to":[0,0,0],"ti":[0,0,0]},{"i":{"x":0.667,"y":1},"o":{"x":0.333,"y":0},"t":44,"s":[553,484.25,0],"to":[0,0,0],"ti":[0,0,0]},{"i":{"x":0.667,"y":1},"o":{"x":0.167,"y":0},"t":58,"s":[553,464.25,0],"to":[0,0,0],"ti":[0,0,0]},{"i":{"x":0.667,"y":1},"o":{"x":0.333,"y":0},"t":85,"s":[553,484.25,0],"to":[0,0,0],"ti":[0,3.667,0]},{"i":{"x":0.667,"y":1},"o":{"x":0.167,"y":0},"t":99,"s":[553,464.25,0],"to":[0,-3.667,0],"ti":[0,0.333,0]},{"t":171,"s":[553,462.25,0]}],"ix":2},"a":{"a":0,"k":[6.5,6.5,0],"ix":1},"s":{"a":1,"k":[{"i":{"x":[0.667,0.667,0.667],"y":[1,1,1]},"o":{"x":[0.333,0.333,0.333],"y":[0,0,0]},"t":0,"s":[50,50,100]},{"i":{"x":[0.667,0.667,0.667],"y":[1,1,1]},"o":{"x":[0.167,0.167,0.167],"y":[0,0,0]},"t":14,"s":[80,80,100]},{"i":{"x":[0.667,0.667,0.667],"y":[1,1,1]},"o":{"x":[0.333,0.333,0.333],"y":[0,0,0]},"t":44,"s":[50,50,100]},{"i":{"x":[0.667,0.667,0.667],"y":[1,1,1]},"o":{"x":[0.167,0.167,0.167],"y":[0,0,0]},"t":58,"s":[80,80,100]},{"i":{"x":[0.667,0.667,0.667],"y":[1,1,1]},"o":{"x":[0.333,0.333,0.333],"y":[0,0,0]},"t":85,"s":[50,50,100]},{"t":99,"s":[80,80,100]}],"ix":6}},"ao":0,"ip":0,"op":270,"st":0,"bm":0},{"ddd":0,"ind":9,"ty":4,"nm":"xingzhuangtuceng","sr":1,"ks":{"o":{"a":0,"k":100,"ix":11},"r":{"a":0,"k":0,"ix":10},"p":{"a":0,"k":[561.25,1215.5,0],"ix":2},"a":{"a":0,"k":[0,0,0],"ix":1},"s":{"a":1,"k":[{"i":{"x":[0.833,0.833,0.833],"y":[0.833,0.833,0.833]},"o":{"x":[0.167,0.167,0.167],"y":[0.167,0.167,0.167]},"t":0,"s":[100,100,100]},{"t":15,"s":[101.538,101.538,100]}],"ix":6}},"ao":0,"shapes":[],"ip":0,"op":270,"st":0,"bm":0},{"ddd":0,"ind":10,"ty":2,"nm":"zhuti-heiye-shanmai.png","cl":"png","refId":"image_5","sr":1,"ks":{"o":{"a":1,"k":[{"i":{"x":[0.667],"y":[1]},"o":{"x":[0.333],"y":[0]},"t":105,"s":[0]},{"t":134,"s":[100]}],"ix":11},"r":{"a":0,"k":0,"ix":10},"p":{"a":0,"k":[562.5,506,0],"ix":2},"a":{"a":0,"k":[562.5,22.5,0],"ix":1},"s":{"a":0,"k":[100,100,100],"ix":6}},"ao":0,"ip":0,"op":270,"st":0,"bm":0},{"ddd":0,"ind":11,"ty":2,"nm":"zhuti-baitian-shanmai.png","cl":"png","refId":"image_6","sr":1,"ks":{"o":{"a":0,"k":100,"ix":11},"r":{"a":0,"k":0,"ix":10},"p":{"a":0,"k":[562.5,506,0],"ix":2},"a":{"a":0,"k":[562.5,22.5,0],"ix":1},"s":{"a":0,"k":[100,100,100],"ix":6}},"ao":0,"ip":0,"op":270,"st":0,"bm":0},{"ddd":0,"ind":13,"ty":2,"nm":"zhuti-baitian-yueliang.png","cl":"png","refId":"image_7","sr":1,"ks":{"o":{"a":0,"k":100,"ix":11},"r":{"a":0,"k":0,"ix":10},"p":{"a":1,"k":[{"i":{"x":0.667,"y":1},"o":{"x":0.333,"y":0},"t":105,"s":[980.5,665.5,0],"to":[0,-111,0],"ti":[0,111,0]},{"t":134,"s":[980.5,-0.5,0]}],"ix":2},"a":{"a":0,"k":[184.5,186,0],"ix":1},"s":{"a":0,"k":[100,100,100],"ix":6}},"ao":0,"ip":0,"op":270,"st":0,"bm":0},{"ddd":0,"ind":14,"ty":2,"nm":"zhuti-baitian-taiyang.png","cl":"png","refId":"image_8","sr":1,"ks":{"o":{"a":0,"k":100,"ix":11},"r":{"a":0,"k":0,"ix":10},"p":{"a":1,"k":[{"i":{"x":0.667,"y":1},"o":{"x":0.333,"y":0},"t":105,"s":[101,1.5,0],"to":[0,118,0],"ti":[0,-117.667,0]},{"i":{"x":0.667,"y":1},"o":{"x":0.167,"y":0},"t":134,"s":[101,709.5,0],"to":[0,117.667,0],"ti":[0,0.333,0]},{"t":171,"s":[101,707.5,0]}],"ix":2},"a":{"a":0,"k":[230,230,0],"ix":1},"s":{"a":0,"k":[100,100,100],"ix":6}},"ao":0,"ip":0,"op":270,"st":0,"bm":0},{"ddd":0,"ind":15,"ty":2,"nm":"zhuti-heiye-beijing.jpg","cl":"jpg","refId":"image_9","sr":1,"ks":{"o":{"a":1,"k":[{"i":{"x":[0.667],"y":[1]},"o":{"x":[0.333],"y":[0]},"t":105,"s":[0]},{"t":134,"s":[100]}],"ix":11},"r":{"a":0,"k":0,"ix":10},"p":{"a":0,"k":[562.5,258.5,0],"ix":2},"a":{"a":0,"k":[562.5,264,0],"ix":1},"s":{"a":0,"k":[100,100,100],"ix":6}},"ao":0,"ip":0,"op":270,"st":0,"bm":0},{"ddd":0,"ind":16,"ty":2,"nm":"zhuti-baitian-beijing.jpg","cl":"jpg","refId":"image_10","sr":1,"ks":{"o":{"a":0,"k":100,"ix":11},"r":{"a":0,"k":0,"ix":10},"p":{"a":0,"k":[562.5,259.5,0],"ix":2},"a":{"a":0,"k":[562.5,264,0],"ix":1},"s":{"a":0,"k":[100,100,100],"ix":6}},"ao":0,"ip":0,"op":270,"st":0,"bm":0}],"markers":[]}